<?xml version="1.0" encoding="UTF-8"?>
<beans xmlns="http://www.springframework.org/schema/beans" 
xmlns:mvc="http://www.springframework.org/schema/mvc" 
xmlns:xsi="http://www.w3.org/2001/XMLSchema-instance" 
xmlns:p="http://www.springframework.org/schema/p" 
xmlns:context="http://www.springframework.org/schema/context" 
xsi:schemaLocation="http://www.springframework.org/schema/beans 
http://www.springframework.org/schema/beans/spring-beans-3.0.xsd 
http://www.springframework.org/schema/context 
http://www.springframework.org/schema/context/spring-context-3.0.xsd 
http://www.springframework.org/schema/mvc 
http://www.springframework.org/schema/mvc/spring-mvc-3.0.xsd">
<!-- 自动扫描 controller 包下的所有类，使其认为 spring mvc 的控制器 -->
<context:component-scan base-package="com.erase.controller" />
<!-- <mvc:interceptors>
<mvc:interceptor>
匹配的是 url 路径,如果不配置或 配置成/**,将拦截所有 Controller
<mvc:mapping path="/**" />
拦截器类
<bean class="com.erase.intercepter.LoginIntercepter"></bean>
</mvc:interceptor>
当设置多个拦截器时，先按顺序调用 preHandle 方法，然后逆序调用每一个拦截器
postHandle 和 afterCompletion 方法
</mvc:interceptors> -->
<!-- 避免 IE 执行 AJAX 时,返回 JSON 出现下载文件 -->
<bean id="mappingJacksonHttpMessageConverter" 
class="org.springframework.http.converter.json.MappingJackson2HttpMessageConverter">
<property name="supportedMediaTypes">
<list>
<value>text/html;charset=UTF-8</value>
</list>
</property>
</bean>
<!-- 启动 Spring MVC 的注解功能，完成请求和注解 POJO 的映射 -->
<bean 
class="org.springframework.web.servlet.mvc.annotation.AnnotationMethodHandlerAdapter">
<property name="messageConverters">
<list>
<ref bean="mappingJacksonHttpMessageConverter" /><!-- json 转换器 -->
</list>
</property>
</bean>
<!-- 对模型视图名称的解析，即在模型视图名称添加前后缀 -->
<bean class="org.springframework.web.servlet.view.InternalResourceViewResolver" 
p:prefix="/" 
p:suffix=".jsp" />
<!-- 文件上传 -->
<bean id="multipartResolver" 
class="org.springframework.web.multipart.commons.CommonsMultipartResolver">
<property name="defaultEncoding">
<value>UTF-8</value>
</property>
<property name="maxUploadSize">
<value>32505856</value><!-- 上传文件大小限制为 31M，31*1024*1024 -->
</property>
<property name="maxInMemorySize">
<value>4096</value>
</property>
</bean>
</beans>